num	bohe	bohe4	delta	http1
1	289	303	300	502
2	97	235	183	501
3	241	106	286	533
4	86	228	106	533
5	102	195	144	553
6	68	89	91	538
7	81	101	109	554
8	257	298	262	441
9	245	352	244	521
10	90	42	143	573
11	178	84	221	497
12	77	77	115	382
13	49	79	97	357
14	155	118	181	382
15	172	172	178	452
16	204	152	221	522
17	132	165	142	384
18	183	107	224	526
19	183	272	222	525
20	130	71	151	386
21	131	177	164	383
22	166	212	174	511
23	120	171	149	384
24	124	111	146	443
25	161	95	175	443
26	158	197	173	445
27	123	160	144	384
28	121	80	149	526
29	163	130	179	441
30	165	44	176	516
31	61	100	129	502
32	121	154	173	440
33	122	197	154	516
34	201	188	236	530
35	146	128	180	443
36	37	97	61	382
37	142	185	184	445
38	117	141	147	439
39	188	223	220	513
40	146	158	169	530
41	145	131	175	507
42	122	117	152	517
43	151	175	178	522
44	30	116	41	357
45	121	151	152	442
46	132	109	154	513
47	57	69	105	550
48	137	162	181	442
49	108	87	149	386
50	137	111	181	394
51	132	113	156	453
52	119	49	152	521
53	139	165	157	522
54	121	223	153	524
55	153	63	181	510
56	153	179	176	444
57	64	106	92	542
58	120	109	151	514
59	121	112	150	521
60	115	128	152	514
61	115	108	153	444
62	112	102	149	513
63	38	78	58	381
64	105	47	129	377
65	105	74	143	441
66	121	156	178	520
67	116	97	151	509
68	125	157	154	511
69	121	152	147	513
70	105	136	146	444
71	117	150	151	521
72	114	144	151	513
73	111	82	151	510
74	47	45	85	357
75	99	129	172	521
76	112	71	152	513
77	98	46	147	510
78	106	110	150	524
79	118	150	154	523
80	108	83	150	441
81	147	107	171	438
82	121	119	144	385
83	81	71	145	455
84	178	110	212	453
85	174	112	187	523
86	167	199	183	456
87	183	86	243	515
88	40	107	61	468
89	123	181	160	513
90	32	65	41	443
91	127	106	158	525
92	156	126	181	515
93	170	86	218	514
94	48	56	70	542
95	153	177	168	439
96	111	121	176	513
97	124	117	150	505
98	108	157	135	514
99	126	127	153	515
100	110	65	152	525
101	173	204	212	527
102	128	199	176	512
103	145	132	178	445
104	122	178	154	512
105	159	195	213	505
106	115	145	147	514
107	127	64	153	443
108	123	82	154	511
109	112	170	152	442
110	184	131	246	517
111	180	147	220	514
112	168	199	215	507
113	157	179	205	503
114	150	53	192	507
115	97	66	124	531
116	124	134	176	383
117	132	105	153	384
118	150	173	168	426
119	35	77	63	468
120	128	84	157	387
121	32	55	37	443
122	183	61	237	524
123	67	85	94	235
124	47	82	55	235
125	27	52	20	146
126	48	49	69	235
127	41	47	43	153
128	40	63	56	189
129	40	64	44	189
130	41	47	43	188
131	36	63	63	183
132	41	60	51	188
133	29	48	25	188
134	28	49	22	189
135	31	44	43	189
136	27	36	25	188
137	29	47	22	189
138	29	40	24	189
139	28	35	19	189
140	26	38	29	188
141	27	61	20	189
142	27	45	23	188
143	30	52	25	188
144	24	39	14	188
145	21	47	8	188
146	28	50	23	189
147	21	38	20	188
148	25	43	25	188
149	27	50	19	188
150	34	60	28	273
151	31	63	18	272
152	36	46	24	273
153	22	38	20	183
154	25	42	24	190
155	30	45	23	189
156	28	50	20	190
157	29	36	19	189
158	29	41	24	190
159	26	39	24	189
160	29	50	23	189
161	26	42	26	189
162	28	41	24	189
163	34	47	50	190
164	22	39	30	273
165	22	60	18	272
166	24	77	18	273
167	21	55	18	272
168	27	52	27	188
169	26	44	21	188
170	28	43	19	188
171	35	47	44	189
172	27	43	24	190
173	28	51	24	190
174	27	39	24	190
175	28	43	24	190
176	28	36	22	189
177	32	59	71	468
178	31	46	33	443
179	131	81	147	563
180	103	61	109	563
181	33	71	55	468
182	28	58	33	443
183	156	180	175	412
184	34	72	63	468
185	28	45	33	443
186	115	137	147	368
187	108	142	131	370
188	103	134	132	370
189	130	113	171	381
190	129	154	144	379
191	102	75	136	369
192	121	67	147	383
193	107	66	138	368
194	103	42	137	369
195	107	87	140	379
196	117	94	142	381
197	110	61	130	383
198	106	98	136	369
199	93	107	113	368
200	102	98	135	367
201	122	97	145	381
202	101	86	135	369
203	97	132	129	368
204	93	71	131	369
